Workbook

Sheet Gestor_responsable
A3: Etiquetas de fila | B3: Suma de Recaudo
A4: Empresa A | B4: 42202097
A5: Empresa B | B5: 163457634
A6: Empresa C | B6: 212344413
A7: Total general | B7: 418004144

Sheet Segmentos
A3: Cuenta de Pagare | B3: Etiquetas de columna
A4: Etiquetas de fila | B4: Contención | C4: Normalización | D4: Recuperación | E4: Rodamiento | F4: Total general
A5: Micro pyme | B5: 42 | C5: 122 | D5: 59 | E5: 235 | F5: 458
A6: Personal | B6: 30 | C6: 79 | D6: 40 | E6: 146 | F6: 295
A7: Preferencial | B7: 16 | C7: 74 | D7: 37 | E7: 90 | F7: 217
A8: Total general | B8: 88 | C8: 275 | D8: 136 | E8: 471 | F8: 970

Sheet BASE_CUENTAS
A1: Nit | B1: Segmento | C1: Pagare | D1: Tipdoc | E1: Endeudamiento total | F1: Saldo_total | G1: Valor_Vencido | H1: Dias_mora | I1: Fecha_asignacion_gestor_resp | J1: Gestor_responsable | K1: Cant_gestiones | L1: Gest_ef | M1: Gest_No_ef | N1: Cont_SMS | O1: Recaudo | P1: Indicador | Q1: Porcentaje_gestor
A2: 8085392 | B2: Micro pyme | C2: 27892052 | D2: Tarjeta | E2: 4531735 | F2: 1825484 | G2: 28374 | H2: 30 | I2: 42509 | J2: Empresa C | K2: =COUNTIFS(GESTIONES!$A:$A, BASE_CUENTAS!$A2, GESTIONES!$B:$B, BASE_CUENTAS!$C2) -> 3 | L2: =COUNTIFS(GESTIONES!$A:$A, BASE_CUENTAS!$A2,GESTIONES!$B:$B, BASE_CUENTAS!$C2,GESTIONES!$E:$E, "S") -> 1 | M2: =COUNTIFS(GESTIONES!$A:$A, BASE_CUENTAS!$A2,GESTIONES!$B:$B, BASE_CUENTAS!$C2,GESTIONES!$E:$E, "N") -> 2 | N2: =COUNTIFS(GESTIONES!$A:$A, BASE_CUENTAS!$A2,GESTIONES!$B:$B, BASE_CUENTAS!$C2,GESTIONES!$D:$D, "SMS") -> 1 | O2: =SUMIFS(PAGOS!$D:$D,PAGOS!$A:$A, BASE_CUENTAS!$A2,PAGOS!$B:$B, BASE_CUENTAS!$C2) -> 0 | P2: =IF( VLOOKUP($C2,BASE_CIERRE_MES!$C:$G,5,FALSE)=0, "Normalización", IF( VLOOKUP($C2,BASE_CIERRE_MES!$C:$G,5,FALSE)<$H2, "Recuperación", IF( VLOOKUP($C2,BASE_CIERRE_MES!$C:$G,5,FALSE)=$H2, "Contención", "Rodamiento" ))) -> Rodamiento | Q2: =IF(F2=0,0,VALUE(O2)/VALUE(F2)) -> 0
A3: 8085687 | B3: Micro pyme | C3: 27777136 | D3: Tarjeta | E3: 568630 | F3: 568630 | G3: 93751 | H3: 30 | I3: 42521 | J3: Empresa A | K3: =COUNTIFS(GESTIONES!$A:$A, BASE_CUENTAS!$A3, GESTIONES!$B:$B, BASE_CUENTAS!$C3) -> 3 | L3: =COUNTIFS(GESTIONES!$A:$A, BASE_CUENTAS!$A3,GESTIONES!$B:$B, BASE_CUENTAS!$C3,GESTIONES!$E:$E, "S") -> 0 | M3: =COUNTIFS(GESTIONES!$A:$A, BASE_CUENTAS!$A3,GESTIONES!$B:$B, BASE_CUENTAS!$C3,GESTIONES!$E:$E, "N") -> 3 | N3: =COUNTIFS(GESTIONES!$A:$A, BASE_CUENTAS!$A3,GESTIONES!$B:$B, BASE_CUENTAS!$C3,GESTIONES!$D:$D, "SMS") -> 1 | O3: =SUMIFS(PAGOS!$D:$D,PAGOS!$A:$A, BASE_CUENTAS!$A3,PAGOS!$B:$B, BASE_CUENTAS!$C3) -> 46876 | P3: =IF( VLOOKUP($C3,BASE_CIERRE_MES!$C:$G,5,FALSE)=0, "Normalización", IF( VLOOKUP($C3,BASE_CIERRE_MES!$C:$G,5,FALSE)<$H3, "Recuperación", IF( VLOOKUP($C3,BASE_CIERRE_MES!$C:$G,5,FALSE)=$H3, "Contención", "Rodamiento" ))) -> Recuperación | Q3: =IF(F3=0,0,VALUE(O3)/VALUE(F3)) -> 0.082436734
A4: 8085706 | B4: Micro pyme | C4: 25794246 | D4: Tarjeta | E4: 2169491 | F4: 1336171 | G4: 48365 | H4: 30 | I4: 42521 | J4: Empresa A | K4: =COUNTIFS(GESTIONES!$A:$A, BASE_CUENTAS!$A4, GESTIONES!$B:$B, BASE_CUENTAS!$C4) -> 3 | L4: =COUNTIFS(GESTIONES!$A:$A, BASE_CUENTAS!$A4,GESTIONES!$B:$B, BASE_CUENTAS!$C4,GESTIONES!$E:$E, "S") -> 1 | M4: =COUNTIFS(GESTIONES!$A:$A, BASE_CUENTAS!$A4,GESTIONES!$B:$B, BASE_CUENTAS!$C4,GESTIONES!$E:$E, "N") -> 2 | N4: =COUNTIFS(GESTIONES!$A:$A, BASE_CUENTAS!$A4,GESTIONES!$B:$B, BASE_CUENTAS!$C4,GESTIONES!$D:$D, "SMS") -> 2 | O4: =SUMIFS(PAGOS!$D:$D,PAGOS!$A:$A, BASE_CUENTAS!$A4,PAGOS!$B:$B, BASE_CUENTAS!$C4) -> 0 | P4: =IF( VLOOKUP($C4,BASE_CIERRE_MES!$C:$G,5,FALSE)=0, "Normalización", IF( VLOOKUP($C4,BASE_CIERRE_MES!$C:$G,5,FALSE)<$H4, "Recuperación", IF( VLOOKUP($C4,BASE_CIERRE_MES!$C:$G,5,FALSE)=$H4, "Contención", "Rodamiento" ))) -> Rodamiento | Q4: =IF(F4=0,0,VALUE(O4)/VALUE(F4)) -> 0
A5: 8088495 | B5: Personal | C5: 21175250 | D5: Tarjeta | E5: 10721876 | F5: 6144033 | G5: 6144033 | H5: 120 | I5: 42508 | J5: Empresa B | K5: =COUNTIFS(GESTIONES!$A:$A, BASE_CUENTAS!$A5, GESTIONES!$B:$B, BASE_CUENTAS!$C5) -> 3 | L5: =COUNTIFS(GESTIONES!$A:$A, BASE_CUENTAS!$A5,GESTIONES!$B:$B, BASE_CUENTAS!$C5,GESTIONES!$E:$E, "S") -> 1 | M5: =COUNTIFS(GESTIONES!$A:$A, BASE_CUENTAS!$A5,GESTIONES!$B:$B, BASE_CUENTAS!$C5,GESTIONES!$E:$E, "N") -> 2 | N5: =COUNTIFS(GESTIONES!$A:$A, BASE_CUENTAS!$A5,GESTIONES!$B:$B, BASE_CUENTAS!$C5,GESTIONES!$D:$D, "SMS") -> 0 | O5: =SUMIFS(PAGOS!$D:$D,PAGOS!$A:$A, BASE_CUENTAS!$A5,PAGOS!$B:$B, BASE_CUENTAS!$C5) -> 6144033 | P5: =IF( VLOOKUP($C5,BASE_CIERRE_MES!$C:$G,5,FALSE)=0, "Normalización", IF( VLOOKUP($C5,BASE_CIERRE_MES!$C:$G,5,FALSE)<$H5, "Recuperación", IF( VLOOKUP($C5,BASE_CIERRE_MES!$C:$G,5,FALSE)=$H5, "Contención", "Rodamiento" ))) -> Normalización | Q5: =IF(F5=0,0,VALUE(O5)/VALUE(F5)) -> 1
A6: 8088495 | B6: Personal | C6: 25700352 | D6: Tarjeta | E6: 10721876 | F6: 3803643 | G6: 3803643 | H6: 120 | I6: 42508 | J6: Empresa B | K6: =COUNTIFS(GESTIONES!$A:$A, BASE_CUENTAS!$A6, GESTIONES!$B:$B, BASE_CUENTAS!$C6) -> 3 | L6: =COUNTIFS(GESTIONES!$A:$A, BASE_CUENTAS!$A6,GESTIONES!$B:$B, BASE_CUENTAS!$C6,GESTIONES!$E:$E, "S") -> 1 | M6: =COUNTIFS(GESTIONES!$A:$A, BASE_CUENTAS!$A6,GESTIONES!$B:$B, BASE_CUENTAS!$C6,GESTIONES!$E:$E, "N") -> 2 | N6: =COUNTIFS(GESTIONES!$A:$A, BASE_CUENTAS!$A6,GESTIONES!$B:$B, BASE_CUENTAS!$C6,GESTIONES!$D:$D, "SMS") -> 0 | O6: =SUMIFS(PAGOS!$D:$D,PAGOS!$A:$A, BASE_CUENTAS!$A6,PAGOS!$B:$B, BASE_CUENTAS!$C6) -> 1901822 | P6: =IF( VLOOKUP($C6,BASE_CIERRE_MES!$C:$G,5,FALSE)=0, "Normalización", IF( VLOOKUP($C6,BASE_CIERRE_MES!$C:$G,5,FALSE)<$H6, "Recuperación", IF( VLOOKUP($C6,BASE_CIERRE_MES!$C:$G,5,FALSE)=$H6, "Contención", "Rodamiento" ))) -> Recuperación | Q6: =IF(F6=0,0,VALUE(O6)/VALUE(F6)) -> 0.50000013
A7: 8088899 | B7: Micro pyme | C7: 26370037 | D7: Tarjeta | E7: 1959887 | F7: 1959887 | G7: 1959887 | H7: 150 | I7: 42509 | J7: Empresa B | K7: =COUNTIFS(GESTIONES!$A:$A, BASE_CUENTAS!$A7, GESTIONES!$B:$B, BASE_CUENTAS!$C7) -> 3 | L7: =COUNTIFS(GESTIONES!$A:$A, BASE_CUENTAS!$A7,GESTIONES!$B:$B, BASE_CUENTAS!$C7,GESTIONES!$E:$E, "S") -> 1 | M7: =COUNTIFS(GESTIONES!$A:$A, BASE_CUENTAS!$A7,GESTIONES!$B:$B, BASE_CUENTAS!$C7,GESTIONES!$E:$E, "N") -> 2 | N7: =COUNTIFS(GESTIONES!$A:$A, BASE_CUENTAS!$A7,GESTIONES!$B:$B, BASE_CUENTAS!$C7,GESTIONES!$D:$D, "SMS") -> 1 | O7: =SUMIFS(PAGOS!$D:$D,PAGOS!$A:$A, BASE_CUENTAS!$A7,PAGOS!$B:$B, BASE_CUENTAS!$C7) -> 653296 | P7: =IF( VLOOKUP($C7,BASE_CIERRE_MES!$C:$G,5,FALSE)=0, "Normalización", IF( VLOOKUP($C7,BASE_CIERRE_MES!$C:$G,5,FALSE)<$H7, "Recuperación", IF( VLOOKUP($C7,BASE_CIERRE_MES!$C:$G,5,FALSE)=$H7, "Contención", "Rodamiento" ))) -> Contención | Q7: =IF(F7=0,0,VALUE(O7)/VALUE(F7)) -> 0.3333335
A8: 8089371 | B8: Personal | C8: 21887785 | D8: Tarjeta | E8: 3595049 | F8: 1565575 | G8: 183019 | H8: 30 | I8: 42521 | J8: Empresa A | K8: =COUNTIFS(GESTIONES!$A:$A, BASE_CUENTAS!$A8, GESTIONES!$B:$B, BASE_CUENTAS!$C8) -> 3 | L8: =COUNTIFS(GESTIONES!$A:$A, BASE_CUENTAS!$A8,GESTIONES!$B:$B, BASE_CUENTAS!$C8,GESTIONES!$E:$E, "S") -> 0 | M8: =COUNTIFS(GESTIONES!$A:$A, BASE_CUENTAS!$A8,GESTIONES!$B:$B, BASE_CUENTAS!$C8,GESTIONES!$E:$E, "N") -> 3 | N8: =COUNTIFS(GESTIONES!$A:$A, BASE_CUENTAS!$A8,GESTIONES!$B:$B, BASE_CUENTAS!$C8,GESTIONES!$D:$D, "SMS") -> 1 | O8: =SUMIFS(PAGOS!$D:$D,PAGOS!$A:$A, BASE_CUENTAS!$A8,PAGOS!$B:$B, BASE_CUENTAS!$C8) -> 0 | P8: =IF( VLOOKUP($C8,BASE_CIERRE_MES!$C:$G,5,FALSE)=0, "Normalización", IF( VLOOKUP($C8,BASE_CIERRE_MES!$C:$G,5,FALSE)<$H8, "Recuperación", IF( VLOOKUP($C8,BASE_CIERRE_MES!$C:$G,5,FALSE)=$H8, "Contención", "Rodamiento" ))) -> Rodamiento | Q8: =IF(F8=0,0,VALUE(O8)/VALUE(F8)) -> 0
A9: 8089371 | B9: Personal | C9: 24378718 | D9: Tarjeta | E9: 3595049 | F9: 2029474 | G9: 213568 | H9: 30 | I9: 42521 | J9: Empresa A | K9: =COUNTIFS(GESTIONES!$A:$A, BASE_CUENTAS!$A9, GESTIONES!$B:$B, BASE_CUENTAS!$C9) -> 3 | L9: =COUNTIFS(GESTIONES!$A:$A, BASE_CUENTAS!$A9,GESTIONES!$B:$B, BASE_CUENTAS!$C9,GESTIONES!$E:$E, "S") -> 1 | M9: =COUNTIFS(GESTIONES!$A:$A, BASE_CUENTAS!$A9,GESTIONES!$B:$B, BASE_CUENTAS!$C9,GESTIONES!$E:$E, "N") -> 2 | N9: =COUNTIFS(GESTIONES!$A:$A, BASE_CUENTAS!$A9,GESTIONES!$B:$B, BASE_CUENTAS!$C9,GESTIONES!$D:$D, "SMS") -> 2 | O9: =SUMIFS(PAGOS!$D:$D,PAGOS!$A:$A, BASE_CUENTAS!$A9,PAGOS!$B:$B, BASE_CUENTAS!$C9) -> 213568 | P9: =IF( VLOOKUP($C9,BASE_CIERRE_MES!$C:$G,5,FALSE)=0, "Normalización", IF( VLOOKUP($C9,BASE_CIERRE_MES!$C:$G,5,FALSE)<$H9, "Recuperación", IF( VLOOKUP($C9,BASE_CIERRE_MES!$C:$G,5,FALSE)=$H9, "Contención", "Rodamiento" ))) -> Normalización | Q9: =IF(F9=0,0,VALUE(O9)/VALUE(F9)) -> 0.10523318
A10: 8089696 | B10: Personal | C10: 16084748 | D10: Tarjeta | E10: 5498500 | F10: 1270224 | G10: 108134 | H10: 30 | I10: 42508 | J10: Empresa C | K10: =COUNTIFS(GESTIONES!$A:$A, BASE_CUENTAS!$A10, GESTIONES!$B:$B, BASE_CUENTAS!$C10) -> 3 | L10: =COUNTIFS(GESTIONES!$A:$A, BASE_CUENTAS!$A10,GESTIONES!$B:$B, BASE_CUENTAS!$C10,GESTIONES!$E:$E, "S") -> 1 | M10: =COUNTIFS(GESTIONES!$A:$A, BASE_CUENTAS!$A10,GESTIONES!$B:$B, BASE_CUENTAS!$C10,GESTIONES!$E:$E, "N") -> 2 | N10: =COUNTIFS(GESTIONES!$A:$A, BASE_CUENTAS!$A10,GESTIONES!$B:$B, BASE_CUENTAS!$C10,GESTIONES!$D:$D, "SMS") -> 0 | O10: =SUMIFS(PAGOS!$D:$D,PAGOS!$A:$A, BASE_CUENTAS!$A10,PAGOS!$B:$B, BASE_CUENTAS!$C10) -> 0 | P10: =IF( VLOOKUP($C10,BASE_CIERRE_MES!$C:$G,5,FALSE)=0, "Normalización", IF( VLOOKUP($C10,BASE_CIERRE_MES!$C:$G,5,FALSE)<$H10, "Recuperación", IF( VLOOKUP($C10,BASE_CIERRE_MES!$C:$G,5,FALSE)=$H10, "Contención", "Rodamiento" ))) -> Rodamiento | Q10: =IF(F10=0,0,VALUE(O10)/VALUE(F10)) -> 0
A11: 8089696 | B11: Personal | C11: 20145473 | D11: Tarjeta | E11: 5498500 | F11: 2115936 | G11: 68545 | H11: 30 | I11: 42508 | J11: Empresa C | K11: =COUNTIFS(GESTIONES!$A:$A, BASE_CUENTAS!$A11, GESTIONES!$B:$B, BASE_CUENTAS!$C11) -> 3 | L11: =COUNTIFS(GESTIONES!$A:$A, BASE_CUENTAS!$A11,GESTIONES!$B:$B, BASE_CUENTAS!$C11,GESTIONES!$E:$E, "S") -> 1 | M11: =COUNTIFS(GESTIONES!$A:$A, BASE_CUENTAS!$A11,GESTIONES!$B:$B, BASE_CUENTAS!$C11,GESTIONES!$E:$E, "N") -> 2 | N11: =COUNTIFS(GESTIONES!$A:$A, BASE_CUENTAS!$A11,GESTIONES!$B:$B, BASE_CUENTAS!$C11,GESTIONES!$D:$D, "SMS") -> 0 | O11: =SUMIFS(PAGOS!$D:$D,PAGOS!$A:$A, BASE_CUENTAS!$A11,PAGOS!$B:$B, BASE_CUENTAS!$C11) -> 0 | P11: =IF( VLOOKUP($C11,BASE_CIERRE_MES!$C:$G,5,FALSE)=0, "Normalización", IF( VLOOKUP($C11,BASE_CIERRE_MES!$C:$G,5,FALSE)<$H11, "Recuperación", IF( VLOOKUP($C11,BASE_CIERRE_MES!$C:$G,5,FALSE)=$H11, "Contención", "Rodamiento" ))) -> Rodamiento | Q11: =IF(F11=0,0,VALUE(O11)/VALUE(F11)) -> 0
A12: 8089696 | B12: Personal | C12: 20146321 | D12: Tarjeta | E12: 5498500 | F12: 2112340 | G12: 91643 | H12: 30 | I12: 42509 | J12: Empresa C | K12: =COUNTIFS(GESTIONES!$A:$A, BASE_CUENTAS!$A12, GESTIONES!$B:$B, BASE_CUENTAS!$C12) -> 3 | L12: =COUNTIFS(GESTIONES!$A:$A, BASE_CUENTAS!$A12,GESTIONES!$B:$B, BASE_CUENTAS!$C12,GESTIONES!$E:$E, "S") -> 1 | M12: =COUNTIFS(GESTIONES!$A:$A, BASE_CUENTAS!$A12,GESTIONES!$B:$B, BASE_CUENTAS!$C12,GESTIONES!$E:$E, "N") -> 2 | N12: =COUNTIFS(GESTIONES!$A:$A, BASE_CUENTAS!$A12,GESTIONES!$B:$B, BASE_CUENTAS!$C12,GESTIONES!$D:$D, "SMS") -> 1 | O12: =SUMIFS(PAGOS!$D:$D,PAGOS!$A:$A, BASE_CUENTAS!$A12,PAGOS!$B:$B, BASE_CUENTAS!$C12) -> 91643 | P12: =IF( VLOOKUP($C12,BASE_CIERRE_MES!$C:$G,5,FALSE)=0, "Normalización", IF( VLOOKUP($C12,BASE_CIERRE_MES!$C:$G,5,FALSE)<$H12, "Recuperación", IF( VLOOKUP($C12,BASE_CIERRE_MES!$C:$G,5,FALSE)=$H12, "Contención", "Rodamiento" ))) -> Normalización | Q12: =IF(F12=0,0,VALUE(O12)/VALUE(F12)) -> 0.043384588
A13: 8089801 | B13: Personal | C13: 26958913 | D13: Tarjeta | E13: 3908903 | F13: 1930237 | G13: 324883 | H13: 90 | I13: 42508 | J13: Empresa C | K13: =COUNTIFS(GESTIONES!$A:$A, BASE_CUENTAS!$A13, GESTIONES!$B:$B, BASE_CUENTAS!$C13) -> 3 | L13: =COUNTIFS(GESTIONES!$A:$A, BASE_CUENTAS!$A13,GESTIONES!$B:$B, BASE_CUENTAS!$C13,GESTIONES!$E:$E, "S") -> 0 | M13: =COUNTIFS(GESTIONES!$A:$A, BASE_CUENTAS!$A13,GESTIONES!$B:$B, BASE_CUENTAS!$C13,GESTIONES!$E:$E, "N") -> 3 | N13: =COUNTIFS(GESTIONES!$A:$A, BASE_CUENTAS!$A13,GESTIONES!$B:$B, BASE_CUENTAS!$C13,GESTIONES!$D:$D, "SMS") -> 1 | O13: =SUMIFS(PAGOS!$D:$D,PAGOS!$A:$A, BASE_CUENTAS!$A13,PAGOS!$B:$B, BASE_CUENTAS!$C13) -> 0 | P13: =IF( VLOOKUP($C13,BASE_CIERRE_MES!$C:$G,5,FALSE)=0, "Normalización", IF( VLOOKUP($C13,BASE_CIERRE_MES!$C:$G,5,FALSE)<$H13, "Recuperación", IF( VLOOKUP($C13,BASE_CIERRE_MES!$C:$G,5,FALSE)=$H13, "Contención", "Rodamiento" ))) -> Rodamiento | Q13: =IF(F13=0,0,VALUE(O13)/VALUE(F13)) -> 0
... A971: 8559026 | B971: Preferencial | C971: 25942733 | D971: Tarjeta | E971: 30064054 | F971: 2071620 | G971: 537367 | H971: 60 | I971: 42480 | J971: Empresa B | K971: =COUNTIFS(GESTIONES!$A:$A, BASE_CUENTAS!$A971, GESTIONES!$B:$B, BASE_CUENTAS!$C971) -> 3 | L971: =COUNTIFS(GESTIONES!$A:$A, BASE_CUENTAS!$A971,GESTIONES!$B:$B, BASE_CUENTAS!$C971,GESTIONES!$E:$E, "S") -> 1 | M971: =COUNTIFS(GESTIONES!$A:$A, BASE_CUENTAS!$A971,GESTIONES!$B:$B, BASE_CUENTAS!$C971,GESTIONES!$E:$E, "N") -> 2 | N971: =COUNTIFS(GESTIONES!$A:$A, BASE_CUENTAS!$A971,GESTIONES!$B:$B, BASE_CUENTAS!$C971,GESTIONES!$D:$D, "SMS") -> 0 | O971: =SUMIFS(PAGOS!$D:$D,PAGOS!$A:$A, BASE_CUENTAS!$A971,PAGOS!$B:$B, BASE_CUENTAS!$C971) -> 0 | P971: =IF( VLOOKUP($C971,BASE_CIERRE_MES!$C:$G,5,FALSE)=0, "Normalización", IF( VLOOKUP($C971,BASE_CIERRE_MES!$C:$G,5,FALSE)<$H971, "Recuperación", IF( VLOOKUP($C971,BASE_CIERRE_MES!$C:$G,5,FALSE)=$H971, "Contención", "Rodamiento" ))) -> Rodamiento | Q971: =IF(F971=0,0,VALUE(O971)/VALUE(F971)) -> 0

Sheet GESTIONES
A1: Nit | B1: Pagare | C1: Fecha_gestion | D1: Gestion | E1: efectiva
A2: 8085392 | B2: 27892052 | C2: 42522 | D2: SMS | E2: =VLOOKUP(TRIM(D2), Catalogo_gestiones!$A:$B, 2, FALSE) -> N
A3: 8085687 | B3: 27777136 | C3: 42522 | D3: EMAIL | E3: =VLOOKUP(TRIM(D3), Catalogo_gestiones!$A:$B, 2, FALSE) -> N
A4: 8085706 | B4: 25794246 | C4: 42522 | D4: SMS | E4: =VLOOKUP(TRIM(D4), Catalogo_gestiones!$A:$B, 2, FALSE) -> N
A5: 8088495 | B5: 21175250 | C5: 42522 | D5: Mensaje con tercero | E5: =VLOOKUP(TRIM(D5), Catalogo_gestiones!$A:$B, 2, FALSE) -> N
A6: 8088495 | B6: 25700352 | C6: 42522 | D6: No localizado | E6: =VLOOKUP(TRIM(D6), Catalogo_gestiones!$A:$B, 2, FALSE) -> N
A7: 8088899 | B7: 26370037 | C7: 42522 | D7: SMS | E7: =VLOOKUP(TRIM(D7), Catalogo_gestiones!$A:$B, 2, FALSE) -> N
A8: 8089371 | B8: 21887785 | C8: 42522 | D8: EMAIL | E8: =VLOOKUP(TRIM(D8), Catalogo_gestiones!$A:$B, 2, FALSE) -> N
A9: 8089371 | B9: 24378718 | C9: 42522 | D9: SMS | E9: =VLOOKUP(TRIM(D9), Catalogo_gestiones!$A:$B, 2, FALSE) -> N
A10: 8089696 | B10: 16084748 | C10: 42522 | D10: Mensaje con tercero | E10: =VLOOKUP(TRIM(D10), Catalogo_gestiones!$A:$B, 2, FALSE) -> N
A11: 8089696 | B11: 20145473 | C11: 42522 | D11: No localizado | E11: =VLOOKUP(TRIM(D11), Catalogo_gestiones!$A:$B, 2, FALSE) -> N
A12: 8089696 | B12: 20146321 | C12: 42522 | D12: SMS | E12: =VLOOKUP(TRIM(D12), Catalogo_gestiones!$A:$B, 2, FALSE) -> N
A13: 8089801 | B13: 26958913 | C13: 42522 | D13: EMAIL | E13: =VLOOKUP(TRIM(D13), Catalogo_gestiones!$A:$B, 2, FALSE) -> N
... A2911: 8559026 | B2911: 25942733 | C2911: 42533 | D2911: No localizado | E2911: =VLOOKUP(TRIM(D2911), Catalogo_gestiones!$A:$B, 2, FALSE) -> N

Sheet PAGOS
A1: Nit | B1: Pagare | C1: Fecha_asignacion_gestor_resp | D1: Valor_pago | E1: Fecha_pago
A2: 8175434 | B2: 23827455 | C2: 42328 | D2: 4065749 | E2: 42522
A3: 8175434 | B3: 22984080 | C3: 42328 | D3: 423554 | E3: 42523
A4: 8175434 | B4: 24903975 | C4: 42328 | D4: 444690 | E4: 42524
A5: 8175434 | B5: 21490702 | C5: 42328 | D5: 3305009 | E5: 42525
A6: 8175434 | B6: 23123539 | C6: 42328 | D6: 2211719 | E6: 42522
A7: 8177887 | B7: 26004795 | C7: 42336 | D7: 423554 | E7: 42523
A8: 8170768 | B8: 25300694 | C8: 42417 | D8: 444690 | E8: 42524
A9: 8553414 | B9: 16700034 | C9: 42428 | D9: 713088 | E9: 42525
A10: 8159820 | B10: 24951061 | C10: 42428 | D10: 2876246 | E10: 42522
A11: 8485525 | B11: 2407079 | C11: 42440 | D11: 4764971 | E11: 42523
A12: 8120258 | B12: 22218377 | C12: 42443 | D12: 1412302 | E12: 42524
A13: 8181055 | B13: 21622993 | C13: 42443 | D13: 478905 | E13: 42525
... A486: 8488549 | B486: 26419172 | C486: 42529 | D486: 11709 | E486: 42530

Sheet BASE_CIERRE_MES
A1: Nit | B1: Segmento | C1: Pagare | D1: Tipdoc | E1: Saldo_total | F1: Valor_Vencido | G1: Dias_mora_final
A2: 8159304 | B2: Micro pyme | C2: 25008009 | D2: Tarjeta | E2: 789051 | F2: 132 | G2: 1
A3: 8143941 | B3: Personal | C3: 28177048 | D3: Tarjeta | E3: 537953 | F3: 208 | G3: 0
A4: 8553292 | B4: Micro pyme | C4: 26038478 | D4: Tarjeta | E4: 450302 | F4: 1605 | G4: 1
A5: 8148012 | B5: Micro pyme | C5: 26918957 | D5: Tarjeta | E5: 1745 | F5: 1985 | G5: 29
A6: 8490699 | B6: Micro pyme | C6: 18460872 | D6: Tarjeta | E6: 1254381 | F6: 3309 | G6: 30
A7: 8149873 | B7: Micro pyme | C7: 21128782 | D7: Tarjeta | E7: 838275 | F7: 7806 | G7: 30
A8: 8167005 | B8: Personal | C8: 25382403 | D8: Tarjeta | E8: 645967 | F8: 7806 | G8: 30
A9: 8373802 | B9: Preferencial | C9: 27745139 | D9: Rotativo | E9: 273655 | F9: 9298 | G9: 29
A10: 8160956 | B10: Personal | C10: 21942759 | D10: Tarjeta | E10: 1119968 | F10: 3429 | G10: 0
A11: 8294415 | B11: Preferencial | C11: 28151320 | D11: Rotativo | E11: 243511 | F11: 10851 | G11: 29
A12: 8556874 | B12: Micro pyme | C12: 22431746 | D12: Tarjeta | E12: 1286185 | F12: 7706 | G12: 1
A13: 8149873 | B13: Micro pyme | C13: 21130021 | D13: Tarjeta | E13: 853978 | F13: 3902 | G13: 0
... A971: 8559026 | B971: Preferencial | C971: 25942733 | D971: Tarjeta | E971: 1821204 | F971: 537367 | G971: 85

Sheet Catalogo_gestiones
A1: Gestion | B1: Efectiva | C1: Tipo_contacto
A2: SMS | B2: N | C2: Indirecto
A3: EMAIL | B3: N | C3: Indirecto
A4: Mensaje con tercero | B4: N | C4: Indirecto
A5: No localizado | B5: N | C5: Sin contacto
A6: Reestructuracion | B6: S | C6: Directo
A7: Plan de pagos | B7: S | C7: Directo
A8: Rediferido | B8: S | C8: Directo
